"CSV for general cost profile"
"Clock (seconds)"
Solids   ,Shells   ,Tshells  ,Beams    ,Time-Step,Contact  ,Rigid-Bdy,Others   
0.000000000E+00,0.000000000E+00,0.000000000E+00,0.120789100E+01,0.148072000E+00,0.261855000E+00,0.131525000E+00,0.359364000E+00



"CSV for general cost profile"
"Clock and percentage(%)"
Solids   ,Shells   ,Tshells  ,Beams    ,Time-Step,Contact  ,Rigid-Bdy,Others   
0.000000000E+00,0.000000000E+00,0.000000000E+00,0.195782932E+01,0.240004854E+00,0.424431837E+00,0.213184386E+00,0.582480848E+00
