"CSV for general cost profile"
"Clock (seconds)"
Solids   ,Shells   ,Tshells  ,Beams    ,Time-Step,Contact  ,Rigid-Bdy,Others   
0.000000000E+00,0.000000000E+00,0.000000000E+00,0.112278600E+01,0.145180000E+00,0.259444000E+00,0.131996000E+00,0.357839000E+00



"CSV for general cost profile"
"Clock and percentage(%)"
Solids   ,Shells   ,Tshells  ,Beams    ,Time-Step,Contact  ,Rigid-Bdy,Others   
0.000000000E+00,0.000000000E+00,0.000000000E+00,0.169919983E+01,0.219712244E+00,0.392636888E+00,0.199759866E+00,0.541545735E+00
