"CSV for general cost profile"
"Clock (seconds)"
Solids   ,Shells   ,Tshells  ,Beams    ,Time-Step,Contact  ,Rigid-Bdy,Others   
0.000000000E+00,0.000000000E+00,0.000000000E+00,0.128209200E+01,0.145441000E+00,0.259807000E+00,0.133360000E+00,0.360518000E+00



"CSV for general cost profile"
"Clock and percentage(%)"
Solids   ,Shells   ,Tshells  ,Beams    ,Time-Step,Contact  ,Rigid-Bdy,Others   
0.000000000E+00,0.000000000E+00,0.000000000E+00,0.193969286E+01,0.220039490E+00,0.393065227E+00,0.201761995E+00,0.545432146E+00
