"CSV for general cost profile"
"Clock (seconds)"
Solids   ,Shells   ,Tshells  ,Beams    ,Time-Step,Contact  ,Rigid-Bdy,Others   
0.000000000E+00,0.000000000E+00,0.000000000E+00,0.115543200E+01,0.149178000E+00,0.261101000E+00,0.132885000E+00,0.359590000E+00



"CSV for general cost profile"
"Clock and percentage(%)"
Solids   ,Shells   ,Tshells  ,Beams    ,Time-Step,Contact  ,Rigid-Bdy,Others   
0.000000000E+00,0.000000000E+00,0.000000000E+00,0.193982746E+01,0.250451416E+00,0.438356294E+00,0.223097484E+00,0.603707147E+00
