"CSV for general cost profile"
"Clock (seconds)"
Solids   ,Shells   ,Tshells  ,Beams    ,Time-Step,Contact  ,Rigid-Bdy,Others   
0.000000000E+00,0.000000000E+00,0.000000000E+00,0.114780100E+01,0.162322000E+00,0.268034000E+00,0.133945000E+00,0.364530000E+00



"CSV for general cost profile"
"Clock and percentage(%)"
Solids   ,Shells   ,Tshells  ,Beams    ,Time-Step,Contact  ,Rigid-Bdy,Others   
0.000000000E+00,0.000000000E+00,0.000000000E+00,0.171276441E+01,0.242219116E+00,0.399964014E+00,0.199874567E+00,0.543956669E+00
